#SampleID	BarcodeSequence	LinkerPrimerSequence	Elevation	ExtractConcen	AmpliconConcentration	ExtractGroupNo	SequenceReads	TransectID	SiteName	Depth	pH	TOC	EC	AverageSoilRelativeHumidity	RelativeHumiditySoilHigh	RelativeHumiditySoilLow	PercentRelativeHumiditySoil_100	AverageSoilTemperature	TemperatureSoilHigh	TemperatureSoilLow	Vegetation	PercentCover	Description
PAP130.1.1	AGTGATGTGACT	CCGGACTACHVGGGTWTCTAAT	130	1.69	14.24	H	113352	Paposo	PAP130	1	7.33										yes	TBA	PAP130.1.1
PAP130.1.2	CTTAGCTACTCT	CCGGACTACHVGGGTWTCTAAT	130	0.48	18.58	F	81248	Paposo	PAP130	2	7.51	490									yes	TBA	PAP130.1.2
PAP130.2	TCGGTCCATAGC	CCGGACTACHVGGGTWTCTAAT	130	5.548	17.46	F	109178	Paposo	PAP130	2		5259									yes	TBA	PAP130.2
PAP130.3	CACGTTTATTCC	CCGGACTACHVGGGTWTCTAAT	130	2.92	12.59	H	108830	Paposo	PAP130	2		1666									yes	TBA	PAP130.3
BAQ895.2	TCCTCACTATCA	CCGGACTACHVGGGTWTCTAAT	895	0.017	1.01	B	103	Baquedano	BAQ895	2		61	2.945	32.22	43.14	25.6	0	19.17	31.82	10.54	no	0	BAQ895.2
BAQ895.3	GCCTGCAGTACT	CCGGACTACHVGGGTWTCTAAT	895	0.011	2.36	E	11	Baquedano	BAQ895	2		474	2.945	32.22	43.14	25.6	0	19.17	31.82	10.54	no	0	BAQ895.3
YUN1005.1.1	ACGTAACCACGT	CCGGACTACHVGGGTWTCTAAT	1005	0.103	13.17	I	81032	Yungay	YUN1005	1	7.54			20.7	31.011	16.343	0	22.59	26.26	16.51	no	0	YUN1005.1.1
YUN1005.1.3	GTCGGAAATTGT	CCGGACTACHVGGGTWTCTAAT	1005	0.034	1.12	I	0	Yungay	YUN1005	3	7.6			20.7	31.011	16.343	0	22.59	26.26	16.51	no	0	YUN1005.1.3
YUN1005.2	TCTAACGAGTGC	CCGGACTACHVGGGTWTCTAAT	1005	0.03	0.94	I	11	Yungay	YUN1005	2		160	2.27	20.7	31.011	16.343	0	22.59	26.26	16.51	no	0	YUN1005.2
YUN1005.3	CATCTGGGCAAT	CCGGACTACHVGGGTWTCTAAT	1005	0.028	4.32	I	37896	Yungay	YUN1005	2	7.6	223	2.27	20.7	31.011	16.343	0	22.59	26.26	16.51	no	0	YUN1005.3
YUN1242.1	TGTCCGTGGATC	CCGGACTACHVGGGTWTCTAAT	1242	0.228	19.2	K	52394	Yungay	YUN1242	2	9	226	1.845	20.9	36.46	16.96	0	23.61	27.62	18.33	no	0	YUN1242.1
YUN1242.2	ACTCGGCCAACT	CCGGACTACHVGGGTWTCTAAT	1242	0.023	0.54	B	28	Yungay	YUN1242	2	9	194	1.845	20.9	36.46	16.96	0	23.61	27.62	18.33	no	0	YUN1242.2
YUN1242.3	GTTGGTTGGCAT	CCGGACTACHVGGGTWTCTAAT	1242	0.05	15.61	K	66293	Yungay	YUN1242	2	9	452	1.845	20.9	36.46	16.96	0	23.61	27.62	18.33	no	0	YUN1242.3
BAQ1370.1.2	GCCCAAGTTCAC	CCGGACTACHVGGGTWTCTAAT	1370	0.019	0.95	B	0	Baquedano	BAQ1370	2	7.98	525	6.08	16.17	23.97	11.42	0	22.61	35.21	12.46	no	0	BAQ1370.1.2
BAQ1370.1.3	ATAAAGAGGAGG	CCGGACTACHVGGGTWTCTAAT	1370	1.2	0.96	J	8	Baquedano	BAQ1370	3	8.13			16.17	23.97	11.42	0	22.61	35.21	12.46	no	0	BAQ1370.1.3
BAQ1370.3	GCGCCGAATCTT	CCGGACTACHVGGGTWTCTAAT	1370	0.124	17.46	E	5	Baquedano	BAQ1370	2		771	6.08	16.17	23.97	11.42	0	22.61	35.21	12.46	no	0	BAQ1370.3
BAQ1552.1.1	ATCCCAGCATGC	CCGGACTACHVGGGTWTCTAAT	1552	0.722	18.83	J	185	Baquedano	BAQ1552	1	7.87			15.75	35.36	11.1	0	22.63	30.65	10.96	no	0	BAQ1552.1.1
BAQ1552.2	GCTTCCAGACAA	CCGGACTACHVGGGTWTCTAAT	1552	0.017	2	B	1	Baquedano	BAQ1552	2		223	1.839	15.75	35.36	11.1	0	22.63	30.65	10.96	no	0	BAQ1552.2
YUN1609.1	TTCCACACGTGG	CCGGACTACHVGGGTWTCTAAT	1609	0.031	6.42	B	64898	Yungay	YUN1609	2	8	361	0.427	17.18	50.4	12.53	0	21.47	25.39	16.1	no	0	YUN1609.1
YUN1609.3	AACCCAGATGAT	CCGGACTACHVGGGTWTCTAAT	1609	0.025	12.84	E 	4	Yungay	YUN1609	2	8	424	0.427	17.18	50.4	12.53	0	21.47	25.39	16.1	no	0	YUN1609.3
RepYUN2029.2	TTACGTGGCGAT	CCGGACTACHVGGGTWTCTAAT	2029	0.171	20.78	I	55739	Yungay	REPYUN2029	2		241	0.067	28.79	52.55	21.76	0	17.85	24.16	10.21	no	0	RepYUN2029.2
YUN2029.1	GTAGTGTCAACA	CCGGACTACHVGGGTWTCTAAT	2029	0.022	9.59	K	478	Yungay	YUN2029	2	7.89	184	0.067	28.79	52.55	21.76	0	17.85	24.16	10.21	no	0	YUN2029.1
YUN2029.2	TGGAGAGGAGAT	CCGGACTACHVGGGTWTCTAAT	2029	0.232	16.71	B	81210	Yungay	YUN2029	2	7.89	241	0.067	28.79	52.55	21.76	0	17.85	24.16	10.21	no	0	YUN2029.2
YUN2029.3	CGTATAAATGCG	CCGGACTACHVGGGTWTCTAAT	2029	0.078	16.14	K	21	Yungay	YUN2029	2	7.89	817	0.067	28.79	52.55	21.76	0	17.85	24.16	10.21	no	0	YUN2029.3
BAQ2420.1.1	ACACAGTCCTGA	CCGGACTACHVGGGTWTCTAAT	2420	0.35	7.4	H	66998	Baquedano	BAQ2420	1	9.33			82.54	100	41.135	46.77	22.45	28.297	13.294	no	0	BAQ2420.1.1
BAQ2420.1.2	ATTATACGGCGC	CCGGACTACHVGGGTWTCTAAT	2420	0.108	11.42	H	61886	Baquedano	BAQ2420	2	9.36	166	0.075	82.54	100	41.135	46.77	22.45	28.297	13.294	no	0	BAQ2420.1.2
BAQ2420.1.3	ATTCAGATGGCA	CCGGACTACHVGGGTWTCTAAT	2420	0.132	10	H	59298	Baquedano	BAQ2420	3	8.9			82.54	100	41.135	46.77	22.45	28.297	13.294	no	0	BAQ2420.1.3
BAQ2420.2	TAAACGCGACTC	CCGGACTACHVGGGTWTCTAAT	2420	0.089	10.06	A	58528	Baquedano	BAQ2420	2	9.36	337	0.075	82.54	100	41.135	46.77	22.45	28.297	13.294	no	0	BAQ2420.2
BAQ2420.3	CCTCGGGTACTA	CCGGACTACHVGGGTWTCTAAT	2420	0.083	15.92	C	59461	Baquedano	BAQ2420	2	9.36	574	0.075	82.54	100	41.135	46.77	22.45	28.297	13.294	no	0	BAQ2420.3
BAQ2462.1	TTCACCTGTATC	CCGGACTACHVGGGTWTCTAAT	2462	1.166	15.29	H	80741	Baquedano	BAQ2462	2	8.35	173	0.506	69.08	98.396	32.558	0.21	21.83	29.024	12.971	no	0	BAQ2462.1
BAQ2462.2	CTCCAGGTCATG	CCGGACTACHVGGGTWTCTAAT	2462	0.049	10.39	H	55672	Baquedano	BAQ2462	2	8.35	331	0.506	69.08	98.396	32.558	0.21	21.83	29.024	12.971	no	0	BAQ2462.2
BAQ2462.3	CAGGATTCGTAC	CCGGACTACHVGGGTWTCTAAT	2462	0.066	8.46	A	44525	Baquedano	BAQ2462	2	8.35	634	0.506	69.08	98.396	32.558	0.21	21.83	29.024	12.971	no	0	BAQ2462.3
RepBAQ2462.1	CAATGCCTCACG	CCGGACTACHVGGGTWTCTAAT	2462	0.934	15.78	G	77491	Baquedano	REPBAQ2462	2	8.35	173	0.506	69.08	98.396	32.558	0.21	21.83	29.024	12.971	no	0	RepBAQ2462.1
BAQ2687.1	GTGGCCTACTAC	CCGGACTACHVGGGTWTCTAAT	2687	1.223	1.24	A	77774	Baquedano	BAQ2687	2	8.35	554	0.131	73.21	100	20.87	43.48	18.2	25	10.67	yes	0.1	BAQ2687.1
BAQ2687.2	TTCCCTTCTCCG	CCGGACTACHVGGGTWTCTAAT	2687	0.251	17.53	C	59328	Baquedano	BAQ2687	2	8.35	350	0.131	73.21	100	20.87	43.48	18.2	25	10.67	yes	0.1	BAQ2687.2
BAQ2687.3	CATTTGACGACG	CCGGACTACHVGGGTWTCTAAT	2687	1.176	12.1	E	78475	Baquedano	BAQ2687	2	8.35	400	0.131	73.21	100	20.87	43.48	18.2	25	10.67	yes	0.1	BAQ2687.3
BAQ2838.1	CGCATACGACCT	CCGGACTACHVGGGTWTCTAAT	2838	0.467	10.91	G	54303	Baquedano	BAQ2838	2	8.36	353	0.212	44.74	100	16.647	11.34	19.08	24.995	10.709	no	0	BAQ2838.1
BAQ2838.2	GCCTCGTACTGA	CCGGACTACHVGGGTWTCTAAT	2838	0.309	14.38	H	48325	Baquedano	BAQ2838	2	8.36	260	0.212	44.74	100	16.647	11.34	19.08	24.995	10.709	no	0	BAQ2838.2
BAQ2838.3	ACCAACAGATTG	CCGGACTACHVGGGTWTCTAAT	2838	0.145	14.06	A	34202	Baquedano	BAQ2838	2	8.36	369	0.212	44.74	100	16.647	11.34	19.08	24.995	10.709	no	0	BAQ2838.3
RepYUN3008.2	TGTACGGATAAC	CCGGACTACHVGGGTWTCTAAT	3008	0.022	1.2	G	0	Yungay	REPYUN3008	2		367	2.205	70.89	100	20.37	29.1	11.57	30.98	-2.57	no	0	RepYUN3008.2
YUN3008.1.1	ATCGATCCACAG	CCGGACTACHVGGGTWTCTAAT	3008	0.021	1.29	G	0	Yungay	YUN3008	1	7.7			70.89	100	20.37	29.1	11.57	30.98	-2.57	no	0	YUN3008.1.1
YUN3008.1.2	ACACCGCACAAT	CCGGACTACHVGGGTWTCTAAT	3008	0.029	1.23	B	0	Yungay	YUN3008	2	7.71	250	2.205	70.89	100	20.37	29.1	11.57	30.98	-2.57	no	0	YUN3008.1.2
YUN3008.1.3	GTCTCCTCCCTT	CCGGACTACHVGGGTWTCTAAT	3008	0.017	0.99	G	75	Yungay	YUN3008	3	7.5			70.89	100	20.37	29.1	11.57	30.98	-2.57	no	0	YUN3008.1.3
YUN3008.2	GTAGCACTCATG	CCGGACTACHVGGGTWTCTAAT	3008	0.036	1.1	K	9	Yungay	YUN3008	2		367	2.205	70.89	100	20.37	29.1	11.57	30.98	-2.57	no	0	YUN3008.2
YUN3008.3	CACCTGTAGTAG	CCGGACTACHVGGGTWTCTAAT	3008	0.021	1	G	161	Yungay	YUN3008	2		417	2.205	70.89	100	20.37	29.1	11.57	30.98	-2.57	no	0	YUN3008.3
YUN3153.1	AATACAGACCTG	CCGGACTACHVGGGTWTCTAAT	3153	0.011	1.05	E	4	Yungay	YUN3153	2	7.6	580	2.26	59.69	93.15	32.12	0	12.5	19.62	3.48	no	0	YUN3153.1
YUN3153.2	GACTCAACCAGT	CCGGACTACHVGGGTWTCTAAT	3153	0.493	16.89	G	41520	Yungay	YUN3153	2	7.6	185	2.26	59.69	93.15	32.12	0	12.5	19.62	3.48	no	0	YUN3153.2
YUN3153.3	GGAAGAAGTAGC	CCGGACTACHVGGGTWTCTAAT	3153	0.22	18.41	B	51056	Yungay	YUN3153	2	7.6	391	2.26	59.69	93.15	32.12	0	12.5	19.62	3.48	no	0	YUN3153.3
YUN3184.1	CACGAGCTACTC	CCGGACTACHVGGGTWTCTAAT	3184	0.022	1.18	B	2	Yungay	YUN3184	2	7.7	254	2.235	26.97	46.57	15.09	0	14.12	25.21	2.45	no	0	YUN3184.1
YUN3184.2	TCTCGATAAGCG	CCGGACTACHVGGGTWTCTAAT	3184	0.01	1.29	E	8	Yungay	YUN3184	2		411	2.235	26.97	46.57	15.09	0	14.12	25.21	2.45	no	0	YUN3184.2
YUN3259.1.1	TAGACACCGTGT	CCGGACTACHVGGGTWTCTAAT	3259	3.71	7.07	D	5143	Yungay	YUN3259	1	8.48			93.57	100	69.04	64.69	15.28	23.65	6.31	yes	2.4	YUN3259.1.1
YUN3259.1.2	AGACAAGCTTCC	CCGGACTACHVGGGTWTCTAAT	3259	1.543	16.92	B	61695	Yungay	YUN3259	2	8.1	419	0.133	93.57	100	69.04	64.69	15.28	23.65	6.31	yes	2.4	YUN3259.1.2
YUN3259.1.3	TCCGCAACCTGA	CCGGACTACHVGGGTWTCTAAT	3259	0.329	19.17	D	26394	Yungay	YUN3259	3	8.4			93.57	100	69.04	64.69	15.28	23.65	6.31	yes	2.4	YUN3259.1.3
YUN3259.2	TCACTTGGTGCG	CCGGACTACHVGGGTWTCTAAT	3259	1.935	12.11	D	89229	Yungay	YUN3259	2	8.1	342	0.133	93.57	100	69.04	64.69	15.28	23.65	6.31	yes	2.4	YUN3259.2
YUN3259.3	TTATGTACGGCG	CCGGACTACHVGGGTWTCTAAT	3259	3.53	16.74	D	94034	Yungay	YUN3259	2	8.1	539	0.133	93.57	100	69.04	64.69	15.28	23.65	6.31	yes	2.4	YUN3259.3
YUN3346.1	GAGATACAGTTC	CCGGACTACHVGGGTWTCTAAT	3346	0.314	16.88	D	59707	Yungay	YUN3346	2	7.1	429	0.044	87.32	100	57.8	33.13	15.89	23.96	6.89	yes	0.01	YUN3346.1
YUN3346.2	GCATGCATCCCA	CCGGACTACHVGGGTWTCTAAT	3346	0.318	16.26	D	16662	Yungay	YUN3346	2	7.1	666	0.044	87.32	100	57.8	33.13	15.89	23.96	6.89	yes	0.01	YUN3346.2
YUN3346.3	GATCTAATCGAG	CCGGACTACHVGGGTWTCTAAT	3346	1.218	17.14	D	69453	Yungay	YUN3346	2	7.1	387	0.044	87.32	100	57.8	33.13	15.89	23.96	6.89	yes	0.01	YUN3346.3
YUN3428.1	TACGCCCATCAG	CCGGACTACHVGGGTWTCTAAT	3428	1.764	15.32	D	93577	Yungay	YUN3428	2	7.2	623	0.023	99.99	100	99.91	99.42	13.61	21.09	4.13	yes	8.8	YUN3428.1
YUN3428.2	AAGATCGTACTG	CCGGACTACHVGGGTWTCTAAT	3428	1.988	6.61	D	130641	Yungay	YUN3428	2	7.2	621	0.023	99.99	100	99.91	99.42	13.61	21.09	4.13	yes	8.8	YUN3428.2
YUN3428.3	ACTCATCTTCCA	CCGGACTACHVGGGTWTCTAAT	3428	2.782	15.46	D	99801	Yungay	YUN3428	2	7.2	658	0.023	99.99	100	99.91	99.42	13.61	21.09	4.13	yes	8.8	YUN3428.3
BAQ3473.1	AAGTGAAGCGAG	CCGGACTACHVGGGTWTCTAAT	3473	16.374	1.29	C	100995	Baquedano	BAQ3473	2	7.93	3675	0.42	82.05	100	42.09	35.37	13.46	20.69	5.12	yes	1.2	BAQ3473.1
BAQ3473.2	TGCCGCCGTAAT	CCGGACTACHVGGGTWTCTAAT	3473	5.17	11.05	B	82042	Baquedano	BAQ3473	2	7.93	838	0.42	82.05	100	42.09	35.37	13.46	20.69	5.12	yes	1.2	BAQ3473.2
BAQ3473.3	AACCTCGGATAA	CCGGACTACHVGGGTWTCTAAT	3473	0.91	4.41	C	107735	Baquedano	BAQ3473	2	7.93	16449	0.42	82.05	100	42.09	35.37	13.46	20.69	5.12	yes	1.2	BAQ3473.3
YUN3533.1.1	TTGGACGTCCAC	CCGGACTACHVGGGTWTCTAAT	3533	3.352	14.29	D	86509	Yungay	YUN3533	1	7.1			100	100	99.93	99.94	11.41	19.21	3.47	yes	8.6	YUN3533.1.1
YUN3533.1.2	TCCAGGGCTATA	CCGGACTACHVGGGTWTCTAAT	3533	3.21	14.32	D	85882	Yungay	YUN3533	2	8	521	0.024	100	100	99.93	99.94	11.41	19.21	3.47	yes	8.6	YUN3533.1.2
YUN3533.1.3	GCGTAGAGAGAC	CCGGACTACHVGGGTWTCTAAT	3533	1.987	7.55	D	72278	Yungay	YUN3533	3	7.8			100	100	99.93	99.94	11.41	19.21	3.47	yes	8.6	YUN3533.1.3
YUN3533.2	GAAACTCCTAGA	CCGGACTACHVGGGTWTCTAAT	3533	9.236	14.33	D	109345	Yungay	YUN3533	2	8	773	0.024	100	100	99.93	99.94	11.41	19.21	3.47	yes	8.6	YUN3533.2
YUN3533.3	ATCGGGCTTAAC	CCGGACTACHVGGGTWTCTAAT	3533	3.642	17.43	D	116048	Yungay	YUN3533	2	8	664	0.024	100	100	99.93	99.94	11.41	19.21	3.47	yes	8.6	YUN3533.3
YUN3856.1.1	AATCTTGCGCCG	CCGGACTACHVGGGTWTCTAAT	3856	6.444	12.93	G	91533	Yungay	YUN3856	1	6.98			99.44	100	73.75	93.7	9.51	17.45	0.45	yes	3.1	YUN3856.1.1
YUN3856.1.2	GGAAATCCCATC	CCGGACTACHVGGGTWTCTAAT	3856	6.23	16.35	G	89112	Yungay	YUN3856	2	7.43	713	0.029	99.44	100	73.75	93.7	9.51	17.45	0.45	yes	3.1	YUN3856.1.2
YUN3856.1.3	GACCGTCAATAC	CCGGACTACHVGGGTWTCTAAT	3856	3.134	18.17	G	66738	Yungay	YUN3856	3	7.54			99.44	100	73.75	93.7	9.51	17.45	0.45	yes	3.1	YUN3856.1.3
YUN3856.2	TTGGAACGGCTT	CCGGACTACHVGGGTWTCTAAT	3856	4.178	17.12	H	90606	Yungay	YUN3856	2	7.43	404	0.029	99.44	100	73.75	93.7	9.51	17.45	0.45	yes	3.1	YUN3856.2
YUN3856.3	TCCTAGGTCCGA	CCGGACTACHVGGGTWTCTAAT	3856	6.695	15.86	H	114766	Yungay	YUN3856	2	7.43	988	0.029	99.44	100	73.75	93.7	9.51	17.45	0.45	yes	3.1	YUN3856.3
BAQ4166.1.1	GTGCTTGTGTAG	CCGGACTACHVGGGTWTCTAAT	4166	33.492	3.16	C	91535	Baquedano	BAQ4166	1	5.64			100	100	100	100	9.41	17.54	1.42	yes	7.1	BAQ4166.1.1
BAQ4166.1.2	CAACTAGACTCG	CCGGACTACHVGGGTWTCTAAT	4166	16.086	18.25	B	120965	Baquedano	BAQ4166	2	7.22	2085	0.084	100	100	100	100	9.41	17.54	1.42	yes	7.1	BAQ4166.1.2
BAQ4166.1.3	AGTGCCCTTGGT	CCGGACTACHVGGGTWTCTAAT	4166	14.532	0.55	C	90972	Baquedano	BAQ4166	3	7.41			100	100	100	100	9.41	17.54	1.42	yes	7.1	BAQ4166.1.3
BAQ4166.2	GGAACGACGTGA	CCGGACTACHVGGGTWTCTAAT	4166	2.958	0.12	C	113411	Baquedano	BAQ4166	2	7.22	3692	0.084	100	100	100	100	9.41	17.54	1.42	yes	7.1	BAQ4166.2
BAQ4166.3	TGTCAGCTGTCG	CCGGACTACHVGGGTWTCTAAT	4166	28.92	0.26	C	113142	Baquedano	BAQ4166	2	7.22	2271	0.084	100	100	100	100	9.41	17.54	1.42	yes	7.1	BAQ4166.3
BAQ4697.1	CTGGTGCTGAAT	CCGGACTACHVGGGTWTCTAAT	4697	10.044	1.88	C	79079	Baquedano	BAQ4697	2	7.44	424	0.055								yes	0.1	BAQ4697.1
BAQ4697.2	GACAGAGGTGCA	CCGGACTACHVGGGTWTCTAAT	4697	5.864	1.22	B	73686	Baquedano	BAQ4697	2	7.44	531	0.055								yes	0.1	BAQ4697.2
BAQ4697.3	TCAGACCAACTG	CCGGACTACHVGGGTWTCTAAT	4697	8.264	1.39	C	102142	Baquedano	BAQ4697	2	7.44	631	0.055								yes	0.1	BAQ4697.3
blank10oct.1	GAGTCTTGGTAA	CCGGACTACHVGGGTWTCTAAT		0.04	1.41	F	1	Blank	BLANK	0													blank10oct.1
blank12sep.1	GACTTATGCCCG	CCGGACTACHVGGGTWTCTAAT		0.025	1.33	D	3	Blank	BLANK	0													blank12sep.1
blank14aug.1	GGTCGTGTCTTG	CCGGACTACHVGGGTWTCTAAT		0.006	0.59	B	0	Blank	BLANK	0													blank14aug.1
blank18jul.1	GAAACGGAAACG	CCGGACTACHVGGGTWTCTAAT		0.004	0.68	A	8	Blank	BLANK	0													blank18jul.1
blank1oct.1	GTGACGTTAGTC	CCGGACTACHVGGGTWTCTAAT		0.003	0.28	E	0	Blank	BLANK	0													blank1oct.1
blank23nov.1	GTCTGTTGAGTG	CCGGACTACHVGGGTWTCTAAT		0.023	0.07	I	0	Blank	BLANK	0													blank23nov.1
blank24oct.1	TCGTCGCCAAAC	CCGGACTACHVGGGTWTCTAAT		0.01	1.21	G	0	Blank	BLANK	0													blank24oct.1
blank28nov.1	TGAGTTCGGTCC	CCGGACTACHVGGGTWTCTAAT		0.032	1.08	J	2	Blank	BLANK	0													blank28nov.1
blank31oct.1	AACATGCATGCC	CCGGACTACHVGGGTWTCTAAT		0.015	0.54	H	5	Blank	BLANK	0													blank31oct.1
blank4dec.1	CGTCGTCTAAGA	CCGGACTACHVGGGTWTCTAAT		0.014	0.48	K	0	Blank	BLANK	0													blank4dec.1
blank5sep.1	CAAGCGTTGTCC	CCGGACTACHVGGGTWTCTAAT		0.029	1.3	C	1	Blank	BLANK	0													blank5sep.1
